id_usuario,nombre_completo,identificacion,correo,telefono
1,Mtro. Jacinto Granados,89359014,equinones@hotmail.com,369.107.1573
2,Josefina Madrid Aponte,87040564,villamayte@corral-mercado.org,04758291663
3,Jacobo Wendolin Perea Barrera,76146336,mirelesvanesa@hotmail.com,03165090636
4,Tomás Montalvo,81026102,asuncion28@yahoo.com,03360092856
5,Genaro Zeferino Villarreal Solorio,72450903,ana98@gmail.com,209.771.0103x65103
6,Zacarías Figueroa de la Rosa,48063426,geronimoesparza@hotmail.com,511-580-4619
7,Ángel Mónica Gollum Magaña,70093891,delia47@despacho.com,1-085-931-8659x6288
8,Aldonza Bustos Almonte,14372319,amador45@yahoo.com,1-084-625-3776x9354
9,Rosalia Montalvo Vaca,61159934,pedrohernadez@corporacin.biz,043.368.2932
10,Miriam Padrón Marín,62119888,gaitanhomero@hotmail.com,(907)581-6502x9428
11,René Berríos Benavides,32790080,eloisa19@huerta-pabon.com,499.464.2156x78405
12,Lic. Antonio Pizarro,35031275,renato81@proyectos.com,00265321440
13,Sr(a). Maximiliano Sierra,56423370,hzavala@lira.com,580-550-7013
14,Helena Micaela Alvarado,30047530,earchuleta@balderas-mata.net,1-610-190-9341x06156
15,Ofelia Uriel Cintrón,87137312,ariasvioleta@orellana.com,462-378-9439
16,Augusto Mariano Lovato Puga,62641259,brocha@gomez-munguia.com,481.499.6848x457
17,Sr(a). Mayte Cotto,42940187,saucedoporfirio@hotmail.com,1-224-540-3580x69553
18,Ivonne Alejandra Altamirano Malave,43628021,karina66@gmail.com,667-048-0976
19,Lic. Ilse Dueñas,77291774,rufino53@grupo.biz,(103)057-0664x2304
20,Jorge Barreto Zavala,73557456,qgranado@saenz-pulido.info,(344)968-2365
21,Ignacio Daniela Paredes,72167547,zbarrera@hotmail.com,676.925.8123x3168
22,Renato Jos Díaz Cervántez,95114137,preciadosantiago@gmail.com,1-288-740-1448x676
23,Lic. Estefanía Valdivia,86625384,ecarrillo@bonilla.com,220-205-3923x145
24,Óscar Rufino Carmona Ayala,19535285,mondragonjorge@gutierrez.org,1-337-225-8831x099
25,Julio César Esther Limón,18089966,elisa39@hotmail.com,1-900-671-8940
26,Leonardo Ana María Muñoz,45515791,benjamin58@grupo.com,842.942.5770x371
27,Rodrigo Sandra Miramontes Tejeda,55141627,dgonzalez@yahoo.com,1-143-193-7983x2075
28,Lic. Estela Roybal,29070764,ztoledo@yahoo.com,+01(6)3806356525
29,Estefanía Linda Bustamante Sepúlveda,28480019,anabel43@hotmail.com,772.497.3201x986
30,José Emilio Perla Grijalva Carmona,92248200,sierrafidel@yahoo.com,03421847499
